task_title,Claude-Opus-4.8,Claude-Sonnet-4.6,GPT-4.1,GPT-5-Mini,GPT-O3-Mini,GPT-O4-Mini,GPT-OSS-120B,Gemini-3.1-Pro,plain
Counseling session (Anthropic Econ Index),6.0,8.5,3.5,1.0,8.5,3.5,6.0,2.0,6.0
Market trends analysis,9.0,7.0,3.0,1.5,7.0,1.5,4.5,7.0,4.5
Menu planning (GDPval-style),14.5,22.333333333333332,11.5,14.5,9.333333333333334,11.333333333333334,9.333333333333334,17.5,15.666666666666666
Operations research analyst memo,1.0,7.5,2.5,7.5,7.5,7.5,4.5,4.5,2.5
Tax preparation discrepancy spotting,2.5,9.0,5.0,7.5,5.0,2.5,7.5,1.0,5.0
Travel agent itinerary,7.5,4.5,9.0,4.5,4.5,4.5,1.5,7.5,1.5
Tutoring session planning,3.0,9.0,3.0,1.0,7.0,5.0,7.0,7.0,3.0
Average,6.214285714285714,9.69047619047619,5.357142857142857,5.357142857142857,6.976190476190476,5.1190476190476195,5.761904761904762,6.642857142857143,5.452380952380952
