task_title,DeepSeek-V3.1,GPT-4.1,GPT-5-Mini,GPT-O3-Mini,GPT-O4-Mini,GPT-OSS-120B,Gemini-3.1-Pro,plain
Counseling session (Anthropic Econ Index),7.5,1.0,3.5,5.0,6.0,3.5,2.0,7.5
Market trends analysis,8.0,2.0,6.0,5.0,3.0,1.0,7.0,4.0
Menu planning (GDPval-style),16.166666666666668,7.666666666666667,17.5,16.666666666666668,13.666666666666666,13.0,9.833333333333334,5.5
Operations research analyst memo,5.5,2.0,8.0,3.5,7.0,1.0,3.5,5.5
Tax preparation discrepancy spotting,2.5,5.0,7.0,8.0,5.0,2.5,5.0,1.0
Travel agent itinerary,3.0,7.0,5.0,8.0,6.0,1.0,2.0,4.0
Tutoring session planning,2.0,3.5,1.0,8.0,6.0,6.0,6.0,3.5
Average,6.380952380952381,4.023809523809524,6.857142857142857,7.738095238095239,6.666666666666666,4.0,5.047619047619048,4.428571428571429
