task_title,Claude-Opus-4.8,Claude-Sonnet-4.6,GPT-3.5-Turbo,GPT-4.1,GPT-5-Mini,GPT-O3-Mini,GPT-O4-Mini,GPT-OSS-120B,Gemini-3.1-Pro
Counseling session (Anthropic Econ Index),3.5,3.5,9.0,7.5,1.0,7.5,6.0,2.0,5.0
Market trends analysis,1.5,4.0,9.0,7.0,1.5,8.0,5.5,3.0,5.5
Menu planning (GDPval-style),5.5,4.333333333333333,26.0,12.166666666666666,23.0,19.166666666666668,9.0,9.0,17.833333333333332
Operations research analyst memo,2.5,4.0,9.0,7.0,1.0,8.0,5.5,2.5,5.5
Tax preparation discrepancy spotting,2.0,2.0,9.0,6.5,2.0,4.0,6.5,5.0,8.0
Travel agent itinerary,5.5,2.5,9.0,8.0,2.5,5.5,5.5,1.0,5.5
Tutoring session planning,5.5,3.0,9.0,8.0,1.5,5.5,5.5,1.5,5.5
Average,3.7142857142857144,3.333333333333333,11.428571428571429,8.023809523809524,4.642857142857143,8.238095238095239,6.214285714285714,3.4285714285714284,7.547619047619047
