task_title,Claude-Opus-4.8,Claude-Sonnet-4.6,DeepSeek-V3.1,GPT-4.1,GPT-5-Mini,GPT-O3-Mini,GPT-O4-Mini,GPT-OSS-120B,Gemini-3.1-Pro,plain
Counseling session (Anthropic Econ Index),9.0,5.0,10.0,1.0,3.0,6.0,4.0,7.0,2.0,8.0
Market trends analysis,8.0,4.0,10.0,2.0,6.0,7.0,1.0,3.0,9.0,5.0
Menu planning (GDPval-style),10.0,1.0,5.0,7.0,6.0,4.0,8.0,9.0,2.0,3.0
Operations research analyst memo,1.0,5.0,8.0,3.0,10.0,6.0,9.0,2.0,7.0,4.0
Tax preparation discrepancy spotting,4.0,10.0,5.5,7.0,8.0,9.0,2.5,5.5,2.5,1.0
Travel agent itinerary,5.5,5.5,4.0,8.0,7.0,10.0,9.0,1.0,3.0,2.0
Tutoring session planning,3.0,10.0,2.0,5.0,1.0,8.0,7.0,6.0,9.0,4.0
Average,5.785714285714286,5.785714285714286,6.357142857142857,4.714285714285714,5.857142857142857,7.142857142857143,5.785714285714286,4.785714285714286,4.928571428571429,3.857142857142857
