task_title,Claude-Opus-4.8,Claude-Sonnet-4.6,DeepSeek-V3.1,Gemini-3.1-Pro,plain
Counseling session (Anthropic Econ Index),3.0,3.0,5.0,3.0,1.0
Market trends analysis,3.0,3.0,5.0,3.0,1.0
Menu planning (GDPval-style),6.666666666666667,10.166666666666666,7.166666666666667,8.333333333333334,7.666666666666667
Operations research analyst memo,1.5,4.5,4.5,3.0,1.5
Tax preparation discrepancy spotting,3.0,5.0,3.0,1.0,3.0
Travel agent itinerary,4.5,1.5,4.5,3.0,1.5
Tutoring session planning,1.5,4.5,1.5,4.5,3.0
Average,3.3095238095238098,4.523809523809524,4.380952380952381,3.6904761904761907,2.666666666666667
