task_title,Claude-Opus-4.8,Claude-Sonnet-4.6,DeepSeek-V3.1,GPT-3.5-Turbo,GPT-4.1,GPT-5-Mini,GPT-O3-Mini,GPT-O4-Mini,GPT-OSS-120B,Gemini-3.1-Pro
Counseling session (Anthropic Econ Index),5.5,5.5,2.0,10.0,8.0,1.0,9.0,4.0,7.0,3.0
Market trends analysis,5.0,7.0,1.0,10.0,8.0,2.0,9.0,4.0,6.0,3.0
Menu planning (GDPval-style),3.0,5.0,6.0,10.0,4.0,9.0,8.0,1.0,2.0,7.0
Operations research analyst memo,5.0,7.0,3.0,10.0,8.0,1.0,9.0,2.0,6.0,4.0
Tax preparation discrepancy spotting,6.5,6.5,4.0,9.0,5.0,1.0,2.0,10.0,3.0,8.0
Travel agent itinerary,7.0,5.0,8.0,10.0,2.0,9.0,4.0,6.0,1.0,3.0
Tutoring session planning,6.0,5.0,7.0,10.0,8.0,4.0,9.0,3.0,1.0,2.0
Average,5.428571428571429,5.857142857142857,4.428571428571429,9.857142857142858,6.142857142857143,3.857142857142857,7.142857142857143,4.285714285714286,3.7142857142857144,4.285714285714286
