task_title,Claude-Opus-4.8,Claude-Sonnet-4.6,DeepSeek-V3.1,GPT-3.5-Turbo,GPT-4.1,GPT-5-Mini,GPT-O3-Mini,GPT-O4-Mini,GPT-OSS-120B,Gemini-3.1-Pro
Counseling session (Anthropic Econ Index),5.0,8.0,2.0,10.0,6.0,1.0,7.0,3.0,9.0,4.0
Market trends analysis,6.0,8.0,1.0,10.0,7.0,2.0,9.0,4.0,5.0,3.0
Menu planning (GDPval-style),3.0,5.0,4.0,10.0,7.0,9.0,8.0,1.0,2.0,6.0
Operations research analyst memo,4.0,6.0,1.0,10.0,7.0,2.0,9.0,3.0,8.0,5.0
Tax preparation discrepancy spotting,2.0,5.0,7.0,9.0,3.5,1.0,3.5,10.0,6.0,8.0
Travel agent itinerary,5.0,7.0,6.0,8.0,3.0,10.0,1.0,9.0,4.0,2.0
Tutoring session planning,7.0,9.0,8.0,10.0,6.0,1.0,5.0,3.5,3.5,2.0
Average,4.571428571428571,6.857142857142857,4.142857142857143,9.571428571428571,5.642857142857143,3.7142857142857144,6.071428571428571,4.785714285714286,5.357142857142857,4.285714285714286
