task_title,DeepSeek-V3.1,GPT-3.5-Turbo,GPT-4.1,GPT-5-Mini,GPT-O3-Mini,GPT-O4-Mini,GPT-OSS-120B,Gemini-3.1-Pro
Counseling session (Anthropic Econ Index),3.0,8.0,5.0,1.0,6.0,3.0,7.0,3.0
Market trends analysis,1.0,8.0,5.0,4.0,7.0,3.0,6.0,2.0
Menu planning (GDPval-style),11.666666666666666,23.0,8.0,20.0,14.0,3.0,4.0,16.333333333333332
Operations research analyst memo,3.0,8.0,5.0,3.0,7.0,1.0,6.0,3.0
Tax preparation discrepancy spotting,5.0,6.0,3.0,1.0,3.0,8.0,3.0,7.0
Travel agent itinerary,7.0,6.0,1.0,8.0,3.0,5.0,4.0,2.0
Tutoring session planning,7.0,8.0,5.0,4.0,6.0,2.0,3.0,1.0
Average,5.3809523809523805,9.571428571428571,4.571428571428571,5.857142857142857,6.571428571428571,3.5714285714285716,4.714285714285714,4.904761904761904
