task_title,DeepSeek-V3.1,GPT-3.5-Turbo,GPT-4.1,GPT-5-Mini,GPT-O3-Mini,GPT-O4-Mini,GPT-OSS-120B,Gemini-3.1-Pro
Counseling session (Anthropic Econ Index),0.7142857142857143,0.0,0.4285714285714285,1.0,0.2857142857142857,0.7142857142857143,0.1428571428571428,0.7142857142857143
Market trends analysis,1.0,0.0,0.4285714285714285,0.5714285714285714,0.1428571428571428,0.7142857142857143,0.2857142857142857,0.8571428571428571
Menu planning (GDPval-style),0.5217391304347826,0.0434782608695652,0.7391304347826088,0.1739130434782608,0.4347826086956521,0.8550724637681159,0.8260869565217391,0.4057971014492754
Operations research analyst memo,0.7142857142857143,0.0,0.4285714285714285,0.7142857142857143,0.1428571428571428,1.0,0.2857142857142857,0.7142857142857143
Tax preparation discrepancy spotting,0.4285714285714285,0.2857142857142857,0.7142857142857143,1.0,0.7142857142857143,0.0,0.7142857142857143,0.1428571428571428
Travel agent itinerary,0.1428571428571428,0.2857142857142857,1.0,0.0,0.7142857142857143,0.4285714285714285,0.5714285714285714,0.8571428571428571
Tutoring session planning,0.1428571428571428,0.0,0.4285714285714285,0.5714285714285714,0.2857142857142857,0.8571428571428571,0.7142857142857143,1.0
Average,0.5235137533274179,0.08784383318544808,0.5953859804791481,0.5758651286601596,0.38864241348713396,0.6527654540076899,0.5057675244010648,0.6702159124519372
