task_title,Claude-Opus-4.8,Claude-Sonnet-4.6,GPT-3.5-Turbo,GPT-4.1,GPT-5-Mini,GPT-O3-Mini,GPT-O4-Mini,GPT-OSS-120B,Gemini-3.1-Pro
Counseling session (Anthropic Econ Index),0.75,0.625,0.0,0.375,0.875,0.25,0.5,0.625,0.5
Market trends analysis,0.875,0.625,0.0,0.25,0.875,0.125,0.5,0.75,0.5
Menu planning (GDPval-style),0.875,0.875,0.0,0.375,0.125,0.25,0.625,0.875,0.5
Operations research analyst memo,0.75,0.625,0.0,0.375,0.875,0.125,0.5,0.75,0.5
Tax preparation discrepancy spotting,0.875,0.875,0.125,0.25,0.875,0.375,0.375,0.5,0.25
Travel agent itinerary,0.625,0.75,0.0,0.375,0.375,0.5,0.5,0.75,0.625
Tutoring session planning,0.625,0.625,0.0,0.375,0.75,0.5,0.5,0.625,0.5
Average,0.7678571428571429,0.7142857142857143,0.017857142857142856,0.3392857142857143,0.6785714285714286,0.30357142857142855,0.5,0.6964285714285714,0.48214285714285715
