task_title,Claude-Opus-4.8,Claude-Sonnet-4.6,GPT-3.5-Turbo,GPT-4.1,GPT-5-Mini,GPT-O3-Mini,GPT-O4-Mini,GPT-OSS-120B,Gemini-3.1-Pro
Counseling session (Anthropic Econ Index),0.625,0.625,0.0,0.375,0.8571428571428571,0.375,0.5,0.6666666666666666,0.5714285714285714
Market trends analysis,0.875,0.625,0.0,0.25,0.875,0.125,0.5,0.75,0.5
Menu planning (GDPval-style),0.875,0.875,0.0,0.375,0.125,0.25,0.625,0.875,0.5
Operations research analyst memo,0.75,0.625,0.0,0.375,0.875,0.125,0.5,0.75,0.5
Tax preparation discrepancy spotting,0.75,0.75,0.125,0.375,0.75,0.625,0.375,0.5,0.25
Travel agent itinerary,0.5,0.625,0.0,0.375,0.625,0.5,0.5,0.875,0.5
Tutoring session planning,0.5,0.625,0.0,0.375,0.75,0.5,0.5,0.75,0.5
Average,0.6964285714285714,0.6785714285714286,0.017857142857142856,0.35714285714285715,0.6938775510204083,0.35714285714285715,0.5,0.738095238095238,0.4744897959183673
