task_title,Claude-Opus-4.8,Claude-Sonnet-4.6,DeepSeek-V3.1,Gemini-3.1-Pro
Counseling session (Anthropic Econ Index),0.3333333333333333,0.3333333333333333,0.6666666666666666,0.6666666666666666
Market trends analysis,0.3333333333333333,0.3333333333333333,0.6666666666666666,0.6666666666666666
Menu planning (GDPval-style),0.3333333333333333,0.3333333333333333,0.6666666666666666,0.6666666666666666
Operations research analyst memo,0.3333333333333333,0.3333333333333333,0.6666666666666666,0.6666666666666666
Tax preparation discrepancy spotting,0.3333333333333333,0.3333333333333333,0.6666666666666666,0.6666666666666666
Travel agent itinerary,0.3333333333333333,0.3333333333333333,0.6666666666666666,0.6666666666666666
Tutoring session planning,0.3333333333333333,0.3333333333333333,0.6666666666666666,0.6666666666666666
Average,0.3333333333333333,0.3333333333333333,0.6666666666666666,0.6666666666666666
