task_title,Claude-Opus-4.8,Claude-Sonnet-4.6,GPT-3.5-Turbo,GPT-4.1,GPT-5-Mini,GPT-O3-Mini,GPT-O4-Mini,GPT-OSS-120B,Gemini-3.1-Pro
Counseling session (Anthropic Econ Index),0.6666666666666666,0.7083333333333334,0.0,0.4166666666666667,0.6666666666666666,0.125,0.5416666666666666,0.7916666666666666,0.5833333333333334
Market trends analysis,0.75,0.7916666666666666,0.0,0.25,0.75,0.125,0.6666666666666666,0.625,0.5416666666666666
Menu planning (GDPval-style),0.75,0.7083333333333334,0.0,0.4583333333333333,0.625,0.4166666666666667,0.4583333333333333,0.5416666666666666,0.5416666666666666
Operations research analyst memo,0.625,0.75,0.0,0.5833333333333334,0.6666666666666666,0.1666666666666666,0.4583333333333333,0.5833333333333334,0.6666666666666666
Tax preparation discrepancy spotting,0.7083333333333334,0.625,0.0,0.3333333333333333,0.625,0.4347826086956521,0.5,0.6666666666666666,0.6086956521739131
Travel agent itinerary,0.5833333333333334,0.7916666666666666,0.0,0.5416666666666666,0.6666666666666666,0.2916666666666667,0.5416666666666666,0.625,0.4583333333333333
Tutoring session planning,0.5416666666666666,0.5833333333333334,0.0,0.375,0.5416666666666666,0.4166666666666667,0.5416666666666666,0.7083333333333334,0.7916666666666666
Average,0.6607142857142857,0.7083333333333333,0.0,0.4226190476190476,0.6488095238095237,0.28234989648033126,0.5297619047619048,0.6488095238095237,0.5988612836438924
