task_title,Claude-Opus-4.8,Claude-Sonnet-4.6,DeepSeek-V3.1,GPT-4.1,GPT-5-Mini,GPT-O3-Mini,GPT-O4-Mini,GPT-OSS-120B,Gemini-3.1-Pro,plain
Counseling session (Anthropic Econ Index),0.4375,0.375,0.1964285714285714,0.8125,0.7232142857142857,0.3392857142857143,0.4553571428571428,0.4732142857142857,0.7023809523809524,0.4226190476190476
Market trends analysis,0.375,0.4375,0.125,0.7410714285714286,0.5178571428571428,0.4017857142857143,0.7321428571428572,0.75,0.3392857142857142,0.6071428571428571
Menu planning (GDPval-style),0.1666666666666666,0.6666666666666666,0.5238095238095238,0.4821428571428571,0.5119047619047619,0.5595238095238095,0.4404761904761904,0.3869047619047618,0.6607142857142857,0.5758928571428572
Operations research analyst memo,0.75,0.3125,0.3392857142857143,0.7410714285714286,0.1875,0.4732142857142857,0.2589285714285714,0.75,0.5238095238095238,0.6011904761904762
Tax preparation discrepancy spotting,0.5625,0.25,0.6071428571428572,0.4642857142857143,0.3303571428571428,0.25,0.5267857142857143,0.5446428571428572,0.6428571428571429,0.6666666666666666
Travel agent itinerary,0.3125,0.625,0.4821428571428571,0.1964285714285714,0.4642857142857143,0.25,0.3928571428571428,0.875,0.5773809523809524,0.6904761904761904
Tutoring session planning,0.6875,0.25,0.8035714285714286,0.5982142857142857,0.875,0.2589285714285714,0.3928571428571428,0.3303571428571428,0.3035714285714285,0.5654761904761905
Average,0.47023809523809523,0.41666666666666663,0.43962585034013607,0.576530612244898,0.5157312925170068,0.3618197278911564,0.4570578231292517,0.5871598639455782,0.5357142857142857,0.5899234693877551
