task_title,Claude-Opus-4.8,Claude-Sonnet-4.6,GPT-3.5-Turbo,GPT-4.1,GPT-5-Mini,GPT-O3-Mini,GPT-O4-Mini,GPT-OSS-120B,Gemini-3.1-Pro
Counseling session (Anthropic Econ Index),0.625,0.625,0.0,0.375,0.8571428571428571,0.375,0.5,0.6666666666666666,0.5714285714285714
Market trends analysis,0.875,0.625,0.0,0.25,0.875,0.125,0.5,0.75,0.5
Menu planning (GDPval-style),0.7692307692307692,0.782051282051282,0.0384615384615384,0.5897435897435898,0.1538461538461538,0.3717948717948718,0.6923076923076924,0.6923076923076924,0.4102564102564103
Operations research analyst memo,0.75,0.625,0.0,0.375,0.875,0.125,0.5,0.75,0.5
Tax preparation discrepancy spotting,0.75,0.75,0.125,0.375,0.75,0.625,0.375,0.5,0.25
Travel agent itinerary,0.5,0.625,0.0,0.375,0.625,0.5,0.5,0.875,0.5
Tutoring session planning,0.5,0.625,0.0,0.375,0.75,0.5,0.5,0.75,0.5
Average,0.6813186813186813,0.6652930402930403,0.023351648351648345,0.38782051282051283,0.6979984301412873,0.37454212454212454,0.5096153846153847,0.711996336996337,0.46166928309785454
