task_title,Claude-Opus-4.8,Claude-Sonnet-4.6,DeepSeek-V3.1,GPT-4.1,GPT-5-Mini,GPT-O3-Mini,GPT-O4-Mini,GPT-OSS-120B,plain
Counseling session (Anthropic Econ Index),0.125,0.875,0.0,1.0,0.625,0.75,0.5,0.375,0.25
Market trends analysis,0.25,0.5,0.0,0.75,0.375,0.5,1.0,0.875,0.25
Menu planning (GDPval-style),0.25,0.5,0.25,0.25,0.75,0.875,0.125,0.625,0.875
Operations research analyst memo,0.875,1.0,0.375,0.625,0.0,0.25,0.25,0.75,0.375
Tax preparation discrepancy spotting,0.625,0.25,0.375,0.5,0.375,0.375,0.75,0.5,0.75
Travel agent itinerary,0.625,0.125,1.0,0.625,0.5,0.125,0.125,0.875,0.5
Tutoring session planning,0.875,0.0,0.75,0.125,0.75,0.375,0.5,0.5,0.625
Average,0.5178571428571429,0.4642857142857143,0.39285714285714285,0.5535714285714286,0.48214285714285715,0.4642857142857143,0.4642857142857143,0.6428571428571429,0.5178571428571429
