task_title,DeepSeek-V3.1,GPT-4.1,GPT-5-Mini,GPT-O3-Mini,GPT-O4-Mini,GPT-OSS-120B,Gemini-3.1-Pro,plain
Counseling session (Anthropic Econ Index),0.1428571428571428,1.0,0.5714285714285714,0.4285714285714285,0.2857142857142857,0.5714285714285714,0.8571428571428571,0.1428571428571428
Market trends analysis,0.0,0.8571428571428571,0.2857142857142857,0.4285714285714285,0.7142857142857143,1.0,0.1428571428571428,0.5714285714285714
Menu planning (GDPval-style),0.4492753623188406,0.5797101449275363,0.3623188405797101,0.4202898550724638,0.4492753623188406,0.5072463768115942,0.5942028985507247,0.6376811594202899
Operations research analyst memo,0.4285714285714285,0.8571428571428571,0.0,0.5714285714285714,0.1428571428571428,1.0,0.5714285714285714,0.4285714285714285
Tax preparation discrepancy spotting,0.7142857142857143,0.4285714285714285,0.2857142857142857,0.0,0.4285714285714285,0.7142857142857143,0.4285714285714285,1.0
Travel agent itinerary,0.7142857142857143,0.1428571428571428,0.4285714285714285,0.0,0.2857142857142857,1.0,0.8571428571428571,0.5714285714285714
Tutoring session planning,0.8571428571428571,0.5714285714285714,1.0,0.1428571428571428,0.2857142857142857,0.2857142857142857,0.2857142857142857,0.5714285714285714
Average,0.47234545992309973,0.6338361431529133,0.41910677314404016,0.28453120378586216,0.370304643596569,0.725524992605738,0.5338657202011239,0.5604850635906535
