task_title,Claude-Opus-4.8,Claude-Sonnet-4.6,DeepSeek-V3.1,GPT-3.5-Turbo,GPT-4.1,GPT-5-Mini,GPT-O3-Mini,GPT-O4-Mini,GPT-OSS-120B
Counseling session (Anthropic Econ Index),0.375,0.0,0.875,0.25,0.625,0.875,0.5,0.875,0.125
Market trends analysis,0.25,0.0,1.0,0.125,0.5,0.875,0.375,0.625,0.75
Menu planning (GDPval-style),1.0,0.625,0.625,0.25,0.5,0.0,0.125,0.875,0.5
Operations research analyst memo,0.875,0.625,1.0,0.0,0.375,0.625,0.25,0.625,0.125
Tax preparation discrepancy spotting,0.875,0.5,0.125,0.375,0.75,1.0,0.625,0.0,0.25
Travel agent itinerary,0.5,0.25,0.625,0.875,0.75,0.0,1.0,0.125,0.375
Tutoring session planning,0.125,0.0,0.25,0.375,0.625,0.75,0.75,0.875,0.75
Average,0.5714285714285714,0.2857142857142857,0.6428571428571429,0.32142857142857145,0.5892857142857143,0.5892857142857143,0.5178571428571429,0.5714285714285714,0.4107142857142857
