task_title,DeepSeek-V3.1,GPT-4.1,GPT-5-Mini,GPT-O3-Mini,GPT-O4-Mini,GPT-OSS-120B,Gemini-3.1-Pro,plain
Counseling session (Anthropic Econ Index),0.0,1.0,0.5714285714285714,0.4285714285714285,0.4285714285714285,0.5714285714285714,0.8571428571428571,0.1428571428571428
Market trends analysis,0.0,0.8571428571428571,0.2857142857142857,0.5714285714285714,0.8571428571428571,0.8571428571428571,0.1428571428571428,0.4285714285714285
Menu planning (GDPval-style),0.5714285714285714,0.5714285714285714,0.2857142857142857,0.4285714285714285,0.5714285714285714,0.2857142857142857,0.8571428571428571,0.4285714285714285
Operations research analyst memo,0.5714285714285714,0.8571428571428571,0.0,0.5714285714285714,0.1428571428571428,1.0,0.4285714285714285,0.4285714285714285
Tax preparation discrepancy spotting,0.7142857142857143,0.2857142857142857,0.4285714285714285,0.0,0.4285714285714285,0.7142857142857143,0.4285714285714285,1.0
Travel agent itinerary,0.5714285714285714,0.2857142857142857,0.4285714285714285,0.0,0.1428571428571428,1.0,0.7142857142857143,0.8571428571428571
Tutoring session planning,0.8571428571428571,0.5714285714285714,1.0,0.1428571428571428,0.1428571428571428,0.4285714285714285,0.2857142857142857,0.5714285714285714
Average,0.46938775510204084,0.6326530612244898,0.4285714285714285,0.3061224489795918,0.38775510204081626,0.6938775510204083,0.5306122448979591,0.5510204081632653
