task_title,Claude-Opus-4.8,Claude-Sonnet-4.6,GPT-4.1,GPT-5-Mini,GPT-O3-Mini,GPT-O4-Mini,GPT-OSS-120B,Gemini-3.1-Pro,plain
Counseling session (Anthropic Econ Index),0.375,0.25,0.625,0.875,0.25,0.625,0.375,0.75,0.375
Market trends analysis,0.25,0.375,0.625,0.75,0.375,0.75,0.5,0.375,0.5
Menu planning (GDPval-style),0.25,0.75,0.625,0.5,0.375,0.625,0.25,0.625,0.5
Operations research analyst memo,0.75,0.375,0.625,0.375,0.375,0.375,0.5,0.5,0.625
Tax preparation discrepancy spotting,0.625,0.25,0.5,0.375,0.5,0.625,0.375,0.75,0.5
Travel agent itinerary,0.375,0.5,0.25,0.5,0.5,0.5,0.75,0.375,0.75
Tutoring session planning,0.625,0.25,0.625,0.75,0.375,0.5,0.375,0.375,0.625
Average,0.4642857142857143,0.39285714285714285,0.5535714285714286,0.5892857142857143,0.39285714285714285,0.5714285714285714,0.44642857142857145,0.5357142857142857,0.5535714285714286
