task_title,Claude-Opus-4.8,Claude-Sonnet-4.6,DeepSeek-V3.1,GPT-4.1,GPT-5-Mini,GPT-O3-Mini,GPT-O4-Mini,GPT-OSS-120B,Gemini-3.1-Pro,plain
Counseling session (Anthropic Econ Index),0.25,0.5416666666666666,0.0833333333333333,0.9583333333333334,0.6071428571428571,0.5178571428571429,0.5595238095238095,0.4404761904761904,0.7857142857142857,0.3169642857142857
Market trends analysis,0.3333333333333333,0.5,0.0833333333333333,0.7857142857142857,0.4702380952380952,0.4404761904761904,0.8690476190476191,0.7440476190476191,0.2976190476190476,0.4821428571428571
Menu planning (GDPval-style),0.1666666666666666,0.6666666666666666,0.5238095238095238,0.4821428571428571,0.5119047619047619,0.5595238095238095,0.4404761904761904,0.3869047619047618,0.6607142857142857,0.5758928571428572
Operations research analyst memo,0.7916666666666666,0.5416666666666666,0.3988095238095238,0.7440476190476191,0.0416666666666666,0.4404761904761904,0.2142857142857142,0.75,0.4345238095238095,0.6071428571428572
Tax preparation discrepancy spotting,0.5833333333333334,0.25,0.5297619047619048,0.4285714285714285,0.3928571428571428,0.2916666666666667,0.6428571428571429,0.5297619047619048,0.6428571428571429,0.65625
Travel agent itinerary,0.4166666666666667,0.4166666666666667,0.6071428571428571,0.3452380952380952,0.3928571428571428,0.1666666666666666,0.3392857142857142,0.9166666666666666,0.6130952380952381,0.7142857142857143
Tutoring session planning,0.75,0.1666666666666666,0.7857142857142857,0.4404761904761904,0.8333333333333334,0.3154761904761904,0.3809523809523809,0.4047619047619047,0.3035714285714285,0.5803571428571428
Average,0.47023809523809523,0.44047619047619035,0.4302721088435374,0.5977891156462585,0.4642857142857143,0.39030612244897955,0.4923469387755101,0.5960884353741497,0.5340136054421768,0.5618622448979592
