task_title,Claude-Opus-4.8,Claude-Sonnet-4.6,DeepSeek-V3.1,GPT-3.5-Turbo,GPT-4.1,GPT-5-Mini,GPT-O3-Mini,GPT-O4-Mini,GPT-OSS-120B,Gemini-3.1-Pro
Counseling session (Anthropic Econ Index),0.4791666666666666,0.4791666666666666,0.6904761904761905,0.0,0.4017857142857143,0.9285714285714286,0.3303571428571428,0.6071428571428572,0.4047619047619047,0.6507936507936508
Market trends analysis,0.6041666666666666,0.4791666666666666,0.8333333333333333,0.0,0.3392857142857143,0.7232142857142857,0.1339285714285714,0.6071428571428572,0.5178571428571428,0.6746031746031745
Menu planning (GDPval-style),0.7361111111111112,0.611111111111111,0.621031746031746,0.0833333333333333,0.5297619047619048,0.0892857142857142,0.2678571428571428,0.7857142857142857,0.7440476190476191,0.5317460317460317
Operations research analyst memo,0.5416666666666666,0.4791666666666666,0.6904761904761905,0.0,0.4017857142857143,0.7946428571428572,0.1339285714285714,0.75,0.5178571428571428,0.626984126984127
Tax preparation discrepancy spotting,0.5416666666666666,0.5416666666666666,0.5476190476190476,0.2053571428571428,0.5446428571428572,0.875,0.6696428571428572,0.1875,0.6071428571428572,0.3531746031746032
Travel agent itinerary,0.4166666666666666,0.4791666666666666,0.4047619047619047,0.1428571428571428,0.6875,0.3125,0.6071428571428572,0.4642857142857143,0.7232142857142857,0.6746031746031745
Tutoring session planning,0.4166666666666666,0.4791666666666666,0.4047619047619047,0.0,0.4017857142857143,0.6607142857142857,0.3928571428571428,0.6785714285714286,0.7321428571428572,0.7222222222222222
Average,0.5337301587301587,0.5069444444444443,0.598922902494331,0.061649659863945556,0.47236394557823136,0.6262755102040816,0.36224489795918363,0.5829081632653061,0.6067176870748299,0.604875283446712
