task_title,Claude-Opus-4.8,Claude-Sonnet-4.6,GPT-4.1,GPT-5-Mini,GPT-O3-Mini,GPT-O4-Mini,GPT-OSS-120B,Gemini-3.1-Pro,plain
Counseling session (Anthropic Econ Index),0.375,0.25,0.625,0.875,0.25,0.625,0.375,0.75,0.375
Market trends analysis,0.25,0.375,0.625,0.75,0.375,0.75,0.5,0.375,0.5
Menu planning (GDPval-style),0.4943589743589744,0.3974358974358974,0.5384615384615384,0.5,0.5543589743589744,0.5076923076923077,0.5512820512820512,0.4743589743589744,0.4871794871794872
Operations research analyst memo,0.75,0.375,0.625,0.375,0.375,0.375,0.5,0.5,0.625
Tax preparation discrepancy spotting,0.625,0.25,0.5,0.375,0.5,0.625,0.375,0.75,0.5
Travel agent itinerary,0.375,0.5,0.25,0.5,0.5,0.5,0.75,0.375,0.75
Tutoring session planning,0.625,0.25,0.625,0.75,0.375,0.5,0.375,0.375,0.625
Average,0.4991941391941392,0.3424908424908425,0.5412087912087912,0.5892857142857143,0.4184798534798535,0.5546703296703297,0.48946886446886445,0.5141941391941393,0.5517399267399268
