task_title,DeepSeek-V3.1,GPT-3.5-Turbo,GPT-4.1,GPT-5-Mini,GPT-O3-Mini,GPT-O4-Mini,GPT-OSS-120B,Gemini-3.1-Pro
Counseling session (Anthropic Econ Index),0.7142857142857143,0.0,0.4285714285714285,1.0,0.2857142857142857,0.8571428571428571,0.1428571428571428,0.5714285714285714
Market trends analysis,1.0,0.0,0.4285714285714285,0.5714285714285714,0.1428571428571428,0.7142857142857143,0.2857142857142857,0.8571428571428571
Menu planning (GDPval-style),0.5714285714285714,0.0,0.7142857142857143,0.1428571428571428,0.4285714285714285,0.8571428571428571,0.8571428571428571,0.4285714285714285
Operations research analyst memo,0.7142857142857143,0.0,0.4285714285714285,0.8571428571428571,0.1428571428571428,0.8571428571428571,0.2857142857142857,0.7142857142857143
Tax preparation discrepancy spotting,0.4285714285714285,0.2857142857142857,0.7142857142857143,1.0,0.7142857142857143,0.0,0.5714285714285714,0.2857142857142857
Travel agent itinerary,0.1428571428571428,0.4285714285714285,1.0,0.0,0.7142857142857143,0.2857142857142857,0.5714285714285714,0.8571428571428571
Tutoring session planning,0.1428571428571428,0.0,0.4285714285714285,0.7142857142857143,0.2857142857142857,0.7142857142857143,0.7142857142857143,1.0
Average,0.5306122448979591,0.1020408163265306,0.5918367346938774,0.6122448979591837,0.38775510204081626,0.6122448979591837,0.48979591836734687,0.6734693877551019
