task_title,DeepSeek-V3.1,GPT-3.5-Turbo,GPT-4.1,GPT-5-Mini,GPT-O3-Mini,GPT-O4-Mini,GPT-OSS-120B,Gemini-3.1-Pro
Counseling session (Anthropic Econ Index),0.6190476190476191,0.0,0.2857142857142857,0.9047619047619048,0.1428571428571428,0.5714285714285714,0.9047619047619048,0.5714285714285714
Market trends analysis,0.9523809523809524,0.0,0.4285714285714285,0.5714285714285714,0.1428571428571428,0.7142857142857143,0.2857142857142857,0.9047619047619048
Menu planning (GDPval-style),0.3809523809523809,0.0,0.6666666666666666,0.8571428571428571,0.1428571428571428,0.4761904761904761,0.4761904761904761,1.0
Operations research analyst memo,0.7142857142857143,0.0,0.2857142857142857,0.6190476190476191,0.1428571428571428,0.6666666666666666,0.8571428571428571,0.7142857142857143
Tax preparation discrepancy spotting,0.4285714285714285,0.0,0.4285714285714285,0.9523809523809524,0.4285714285714285,0.4761904761904761,0.3809523809523809,0.9047619047619048
Travel agent itinerary,0.5238095238095238,0.0,0.4285714285714285,1.0,0.1428571428571428,0.4285714285714285,0.6190476190476191,0.8571428571428571
Tutoring session planning,0.8095238095238095,0.0,0.2857142857142857,0.7619047619047619,0.1428571428571428,0.4285714285714285,0.6190476190476191,0.9523809523809524
Average,0.6326530612244898,0.0,0.40136054421768697,0.8095238095238095,0.18367346938775503,0.5374149659863945,0.5918367346938774,0.8435374149659864
