task_title,Claude-Opus-4.8,Claude-Sonnet-4.6,DeepSeek-V3.1,GPT-3.5-Turbo,GPT-4.1,GPT-5-Mini,GPT-O3-Mini,GPT-O4-Mini,GPT-OSS-120B,Gemini-3.1-Pro
Counseling session (Anthropic Econ Index),0.4861111111111111,0.3194444444444444,0.751984126984127,0.0833333333333333,0.4761904761904762,0.9166666666666666,0.3452380952380952,0.7440476190476191,0.2976190476190476,0.5793650793650794
Market trends analysis,0.4861111111111111,0.3194444444444444,0.8888888888888888,0.0416666666666666,0.3928571428571428,0.7738095238095237,0.2142857142857142,0.6130952380952381,0.5952380952380952,0.6746031746031745
Menu planning (GDPval-style),0.7361111111111112,0.611111111111111,0.621031746031746,0.0833333333333333,0.5297619047619048,0.0892857142857142,0.2678571428571428,0.7857142857142857,0.7440476190476191,0.5317460317460317
Operations research analyst memo,0.6527777777777778,0.5277777777777778,0.7936507936507936,0.0,0.3928571428571428,0.7857142857142857,0.1726190476190476,0.6607142857142857,0.3869047619047618,0.626984126984127
Tax preparation discrepancy spotting,0.6944444444444445,0.5694444444444444,0.4067460317460317,0.2619047619047619,0.5714285714285715,0.9583333333333334,0.5714285714285715,0.125,0.4404761904761904,0.4007936507936507
Travel agent itinerary,0.4861111111111111,0.4444444444444444,0.4781746031746031,0.4345238095238095,0.7083333333333334,0.125,0.7380952380952381,0.3035714285714285,0.5654761904761905,0.7162698412698413
Tutoring session planning,0.3611111111111111,0.3194444444444444,0.3531746031746032,0.125,0.4761904761904762,0.7380952380952381,0.5119047619047619,0.6964285714285715,0.6964285714285715,0.7222222222222222
Average,0.5575396825396826,0.44444444444444453,0.6133786848072562,0.14710884353741496,0.5068027210884354,0.6267006802721088,0.40306122448979587,0.5612244897959183,0.532312925170068,0.6074263038548752
