task_title,Claude-Opus-4.8,Claude-Sonnet-4.6,DeepSeek-V3.1,Gemini-3.1-Pro
Counseling session (Anthropic Econ Index),0.3333333333333333,0.3333333333333333,0.6666666666666666,0.6666666666666666
Market trends analysis,0.5555555555555556,0.2222222222222222,0.6666666666666666,0.5555555555555556
Menu planning (GDPval-style),0.6666666666666666,0.3333333333333333,0.4444444444444444,0.5555555555555556
Operations research analyst memo,0.2222222222222222,0.6666666666666666,0.5555555555555556,0.5555555555555556
Tax preparation discrepancy spotting,0.4444444444444444,0.3333333333333333,0.6666666666666666,0.5555555555555556
Travel agent itinerary,0.6666666666666666,0.5555555555555556,0.4444444444444444,0.3333333333333333
Tutoring session planning,0.5555555555555556,0.4444444444444444,0.3333333333333333,0.6666666666666666
Average,0.4920634920634921,0.4126984126984126,0.5396825396825397,0.5555555555555556
