task_title,Claude-Opus-4.8,Claude-Sonnet-4.6,DeepSeek-V3.1,GPT-3.5-Turbo,GPT-4.1,GPT-5-Mini,GPT-O3-Mini,GPT-O4-Mini,GPT-OSS-120B
Counseling session (Anthropic Econ Index),0.8333333333333334,0.6666666666666666,0.7083333333333334,0.0,0.2916666666666667,0.5416666666666666,0.125,0.5833333333333334,0.75
Market trends analysis,1.0,0.7083333333333334,0.625,0.0,0.5,0.5,0.125,0.5416666666666666,0.5
Menu planning (GDPval-style),0.8333333333333334,0.9583333333333334,0.2916666666666667,0.0,0.5,0.625,0.2083333333333333,0.4166666666666667,0.6666666666666666
Operations research analyst memo,0.8333333333333334,0.5833333333333334,0.875,0.0,0.3333333333333333,0.4583333333333333,0.125,0.4583333333333333,0.8333333333333334
Tax preparation discrepancy spotting,0.7916666666666666,1.0,0.3333333333333333,0.0,0.4166666666666667,0.4166666666666667,0.4166666666666667,0.5833333333333334,0.5416666666666666
Travel agent itinerary,0.7916666666666666,0.9166666666666666,0.4583333333333333,0.0,0.625,0.5,0.1666666666666666,0.2916666666666667,0.75
Tutoring session planning,0.9583333333333334,0.875,0.6666666666666666,0.0,0.25,0.4583333333333333,0.2916666666666667,0.4166666666666667,0.5833333333333334
Average,0.8630952380952381,0.8154761904761906,0.5654761904761905,0.0,0.41666666666666663,0.5,0.20833333333333331,0.47023809523809523,0.6607142857142856
