task_title,Claude-Opus-4.8,Claude-Sonnet-4.6,GPT-4.1,GPT-5-Mini,GPT-O3-Mini,GPT-O4-Mini,GPT-OSS-120B,Gemini-3.1-Pro,plain
Counseling session (Anthropic Econ Index),0.125,0.25,0.875,0.625,0.375,0.75,0.375,1.0,0.125
Market trends analysis,0.25,0.5,0.75,0.75,0.25,0.75,0.5,0.25,0.5
Menu planning (GDPval-style),0.25,0.75,0.625,0.5,0.375,0.625,0.25,0.625,0.5
Operations research analyst memo,0.75,0.375,0.75,0.125,0.5,0.25,0.5,0.375,0.875
Tax preparation discrepancy spotting,0.625,0.25,0.5,0.375,0.5,0.75,0.375,0.75,0.375
Travel agent itinerary,0.375,0.375,0.125,0.25,0.375,0.75,0.875,0.625,0.75
Tutoring session planning,0.625,0.25,0.625,0.75,0.4285714285714285,0.5,0.2857142857142857,0.375,0.625
Average,0.42857142857142855,0.39285714285714285,0.6071428571428571,0.48214285714285715,0.4005102040816326,0.625,0.45153061224489793,0.5714285714285714,0.5357142857142857
