task_title,Claude-Opus-4.8,Claude-Sonnet-4.6,DeepSeek-V3.1,GPT-3.5-Turbo,GPT-4.1,GPT-5-Mini,GPT-O3-Mini,GPT-O4-Mini,GPT-OSS-120B,Gemini-3.1-Pro
Counseling session (Anthropic Econ Index),0.611111111111111,0.5694444444444444,0.6646825396825397,0.0,0.3313492063492063,0.7043650793650794,0.1309523809523809,0.5654761904761905,0.8154761904761904,0.6071428571428571
Market trends analysis,0.7685185185185185,0.5740740740740741,0.748015873015873,0.0,0.3928571428571428,0.6071428571428571,0.1309523809523809,0.6408730158730158,0.4702380952380952,0.6673280423280423
Menu planning (GDPval-style),0.75,0.6666666666666666,0.3723544973544974,0.0,0.5416666666666666,0.7023809523809524,0.255952380952381,0.4503968253968254,0.5615079365079364,0.6990740740740741
Operations research analyst memo,0.5601851851851852,0.6666666666666666,0.7149470899470899,0.0,0.4007936507936507,0.5813492063492064,0.1448412698412698,0.5277777777777778,0.7579365079365079,0.6455026455026455
Tax preparation discrepancy spotting,0.6481481481481481,0.6527777777777778,0.4761904761904761,0.0,0.3928571428571428,0.6646825396825397,0.4266735679779158,0.5198412698412699,0.5297619047619048,0.6896710374971246
Travel agent itinerary,0.6805555555555555,0.7546296296296297,0.4755291005291005,0.0,0.5317460317460317,0.7222222222222222,0.2003968253968253,0.4206349206349206,0.6646825396825397,0.5496031746031745
Tutoring session planning,0.6851851851851851,0.6342592592592592,0.6031746031746031,0.0,0.3035714285714285,0.5873015873015873,0.2837301587301588,0.4623015873015872,0.636904761904762,0.8035714285714285
Average,0.6719576719576719,0.6455026455026455,0.57927059712774,0.0,0.41354875283446707,0.6527777777777778,0.22478556640047323,0.5124716553287981,0.6337868480725622,0.6659847513884781
