task_title,Claude-Opus-4.8,Claude-Sonnet-4.6,DeepSeek-V3.1,GPT-4.1,GPT-5-Mini,GPT-O3-Mini,GPT-O4-Mini,GPT-OSS-120B,Gemini-3.1-Pro,plain
Counseling session (Anthropic Econ Index),0.4375,0.375,0.1964285714285714,0.8125,0.7232142857142857,0.3392857142857143,0.4553571428571428,0.4732142857142857,0.7023809523809524,0.4226190476190476
Market trends analysis,0.375,0.4375,0.125,0.7410714285714286,0.5178571428571428,0.4017857142857143,0.7321428571428572,0.75,0.3392857142857142,0.6071428571428571
Menu planning (GDPval-style),0.5209890109890111,0.413003663003663,0.4746376811594203,0.5590858416945373,0.4311594202898551,0.4873244147157191,0.4784838350055741,0.5292642140468227,0.5307904655730743,0.5416202155332591
Operations research analyst memo,0.75,0.3125,0.3392857142857143,0.7410714285714286,0.1875,0.4732142857142857,0.2589285714285714,0.75,0.5238095238095238,0.6011904761904762
Tax preparation discrepancy spotting,0.5625,0.25,0.6071428571428572,0.4642857142857143,0.3303571428571428,0.25,0.5267857142857143,0.5446428571428572,0.6428571428571429,0.6666666666666666
Travel agent itinerary,0.3125,0.625,0.4821428571428571,0.1964285714285714,0.4642857142857143,0.25,0.3928571428571428,0.875,0.5773809523809524,0.6904761904761904
Tutoring session planning,0.6875,0.25,0.8035714285714286,0.5982142857142857,0.875,0.2589285714285714,0.3928571428571428,0.3303571428571428,0.3035714285714285,0.5654761904761905
Average,0.5208555729984302,0.38042909471480896,0.43260130139012126,0.5875224671808522,0.5041962437148773,0.3515055286328578,0.46248748663344935,0.6074969285373012,0.5171537399798269,0.5850273777292411
