task_title,Claude-Opus-4.8,Claude-Sonnet-4.6,GPT-3.5-Turbo,GPT-4.1,GPT-5-Mini,GPT-O3-Mini,GPT-O4-Mini,GPT-OSS-120B,Gemini-3.1-Pro
Counseling session (Anthropic Econ Index),0.5,0.625,0.0,0.25,0.875,0.375,0.625,0.75,0.5
Market trends analysis,0.75,0.875,0.0,0.25,0.625,0.125,0.75,0.5,0.625
Menu planning (GDPval-style),0.5,0.625,0.0,0.625,0.625,0.25,0.75,0.625,0.5
Operations research analyst memo,0.5,0.5,0.0,0.375,0.875,0.375,0.625,0.75,0.5
Tax preparation discrepancy spotting,0.875,0.5,0.0,0.625,0.625,0.375,0.625,0.625,0.25
Travel agent itinerary,0.625,0.625,0.0,0.25,0.625,0.5,0.375,1.0,0.5
Tutoring session planning,0.5,0.625,0.0,0.375,0.75,0.75,0.5,0.5,0.5
Average,0.6071428571428571,0.625,0.0,0.39285714285714285,0.7142857142857143,0.39285714285714285,0.6071428571428571,0.6785714285714286,0.48214285714285715
