task_title,Claude-Opus-4.8,Claude-Sonnet-4.6,DeepSeek-V3.1,GPT-3.5-Turbo,GPT-4.1,GPT-5-Mini,GPT-O3-Mini,GPT-O4-Mini,GPT-OSS-120B,Gemini-3.1-Pro
Counseling session (Anthropic Econ Index),0.6805555555555555,0.4861111111111111,0.4623015873015872,0.0,0.3452380952380952,0.75,0.2142857142857142,0.6071428571428571,0.8273809523809524,0.626984126984127
Market trends analysis,0.6527777777777778,0.6527777777777778,0.8412698412698413,0.0,0.3095238095238095,0.6071428571428571,0.1309523809523809,0.75,0.3869047619047618,0.6686507936507936
Menu planning (GDPval-style),0.6388888888888888,0.6527777777777778,0.2896825396825397,0.0,0.5654761904761905,0.7440476190476191,0.2142857142857142,0.6130952380952381,0.5595238095238095,0.7222222222222222
Operations research analyst memo,0.6805555555555555,0.5694444444444444,0.5158730158730159,0.0,0.3511904761904762,0.7380952380952381,0.2976190476190476,0.4880952380952381,0.7797619047619048,0.5793650793650794
Tax preparation discrepancy spotting,0.8055555555555555,0.611111111111111,0.4682539682539682,0.0476190476190476,0.5595238095238095,0.5773809523809524,0.3452380952380952,0.6071428571428571,0.3392857142857142,0.6388888888888888
Travel agent itinerary,0.6805555555555555,0.5694444444444444,0.5376984126984127,0.0416666666666666,0.3928571428571428,0.7916666666666666,0.2976190476190476,0.2202380952380952,0.9047619047619048,0.5634920634920635
Tutoring session planning,0.5694444444444444,0.8333333333333334,0.3988095238095238,0.0,0.3035714285714285,0.8333333333333334,0.3809523809523809,0.4761904761904762,0.5773809523809524,0.626984126984127
Average,0.6726190476190476,0.6249999999999999,0.501984126984127,0.012755102040816315,0.4039115646258503,0.7202380952380952,0.26870748299319724,0.5374149659863946,0.6249999999999999,0.6323696145124718
