task_title,DeepSeek-V3.1,GPT-3.5-Turbo,GPT-4.1,GPT-5-Mini,GPT-O3-Mini,GPT-O4-Mini,GPT-OSS-120B,Gemini-3.1-Pro
Counseling session (Anthropic Econ Index),0.4285714285714285,0.0,0.2857142857142857,1.0,0.1428571428571428,0.5714285714285714,0.8571428571428571,0.7142857142857143
Market trends analysis,0.8571428571428571,0.0,0.4285714285714285,0.5714285714285714,0.1428571428571428,1.0,0.2857142857142857,0.7142857142857143
Menu planning (GDPval-style),0.2857142857142857,0.0,0.5714285714285714,0.8571428571428571,0.1428571428571428,0.7142857142857143,0.4285714285714285,1.0
Operations research analyst memo,0.7142857142857143,0.0,0.4285714285714285,0.7142857142857143,0.1428571428571428,0.7142857142857143,0.7142857142857143,0.5714285714285714
Tax preparation discrepancy spotting,0.5714285714285714,0.1428571428571428,0.4285714285714285,0.8571428571428571,0.2857142857142857,0.5714285714285714,0.1428571428571428,1.0
Travel agent itinerary,0.5714285714285714,0.0,0.4285714285714285,1.0,0.1428571428571428,0.2857142857142857,0.7142857142857143,0.8571428571428571
Tutoring session planning,0.5714285714285714,0.0,0.2857142857142857,1.0,0.1428571428571428,0.4285714285714285,0.8571428571428571,0.7142857142857143
Average,0.5714285714285713,0.020408163265306114,0.40816326530612235,0.8571428571428571,0.1632653061224489,0.6122448979591837,0.5714285714285714,0.7959183673469388
