task_title,Claude-Opus-4.8,Claude-Sonnet-4.6,DeepSeek-V3.1,GPT-4.1,GPT-5-Mini,GPT-O3-Mini,GPT-O4-Mini,GPT-OSS-120B,Gemini-3.1-Pro,plain
Counseling session (Anthropic Econ Index),0.5833333333333334,0.4166666666666667,0.6607142857142857,0.9166666666666666,0.5654761904761905,0.25,0.5238095238095238,0.1309523809523809,0.3452380952380952,0.5803571428571428
Market trends analysis,0.5416666666666666,0.5,0.2678571428571428,0.7023809523809524,0.7857142857142857,0.7261904761904763,0.7857142857142857,0.125,0.3928571428571428,0.2544642857142857
Menu planning (GDPval-style),0.625,0.4583333333333333,0.4345238095238095,0.3928571428571428,0.5238095238095238,0.4404761904761904,0.3809523809523809,0.875,0.3511904761904762,0.5133928571428572
Operations research analyst memo,0.5,0.5,0.1726190476190476,0.5238095238095238,0.3035714285714285,0.5952380952380952,0.3511904761904762,0.7023809523809524,0.4345238095238095,0.8125
Tax preparation discrepancy spotting,0.4166666666666667,0.5,0.5833333333333334,0.6011904761904762,0.3452380952380952,0.6547619047619048,0.6904761904761904,0.1666666666666666,0.2142857142857142,0.7455357142857143
Travel agent itinerary,0.5416666666666666,0.6666666666666666,0.6130952380952381,0.5238095238095238,0.3452380952380952,0.5535714285714285,0.4285714285714285,0.0833333333333333,0.625,0.5892857142857143
Tutoring session planning,0.5416666666666666,0.4583333333333333,0.6547619047619048,0.4702380952380952,0.8333333333333334,0.3869047619047618,0.1666666666666666,0.5773809523809524,0.3928571428571428,0.5133928571428572
Average,0.5357142857142857,0.5,0.483843537414966,0.5901360544217686,0.5289115646258503,0.5153061224489796,0.47534013605442166,0.3801020408163266,0.3937074829931973,0.5727040816326531
