task_title,DeepSeek-V3.1,GPT-4.1,GPT-5-Mini,GPT-O3-Mini,GPT-O4-Mini,GPT-OSS-120B,Gemini-3.1-Pro,plain
Counseling session (Anthropic Econ Index),0.8571428571428571,1.0,0.5714285714285714,0.0,0.5714285714285714,0.1428571428571428,0.2857142857142857,0.5714285714285714
Market trends analysis,0.4285714285714285,0.8571428571428571,0.8571428571428571,0.4285714285714285,0.8571428571428571,0.0,0.4285714285714285,0.1428571428571428
Menu planning (GDPval-style),0.4285714285714285,0.4285714285714285,0.5714285714285714,0.5714285714285714,0.1428571428571428,1.0,0.4285714285714285,0.4285714285714285
Operations research analyst memo,0.1428571428571428,0.5714285714285714,0.2857142857142857,0.2857142857142857,0.4285714285714285,0.8571428571428571,0.4285714285714285,1.0
Tax preparation discrepancy spotting,1.0,0.4285714285714285,0.2857142857142857,0.7142857142857143,0.5714285714285714,0.0,0.1428571428571428,0.8571428571428571
Travel agent itinerary,0.7142857142857143,0.5714285714285714,0.2857142857142857,0.2857142857142857,0.2857142857142857,0.0,1.0,0.8571428571428571
Tutoring session planning,0.7142857142857143,0.2857142857142857,1.0,0.2857142857142857,0.0,0.8571428571428571,0.4285714285714285,0.4285714285714285
Average,0.6122448979591837,0.5918367346938774,0.5510204081632653,0.36734693877551017,0.4081632653061224,0.40816326530612246,0.44897959183673464,0.6122448979591837
