task_title,Claude-Opus-4.8,Claude-Sonnet-4.6,DeepSeek-V3.1,GPT-4.1,GPT-5-Mini,GPT-O3-Mini,GPT-O4-Mini,GPT-OSS-120B,plain
Counseling session (Anthropic Econ Index),0.75,0.25,0.875,1.0,0.375,0.125,0.625,0.0,0.5
Market trends analysis,0.625,0.375,0.125,0.75,0.75,1.0,0.625,0.125,0.125
Menu planning (GDPval-style),0.875,0.5,0.625,0.25,0.375,0.0,0.5,1.0,0.375
Operations research analyst memo,0.5,0.5,0.125,0.5,0.125,0.75,0.125,1.0,0.875
Tax preparation discrepancy spotting,0.0,0.5,0.5,0.75,0.375,0.75,0.75,0.125,0.75
Travel agent itinerary,0.5,1.0,0.875,0.125,0.375,0.75,0.625,0.25,0.0
Tutoring session planning,0.625,0.375,1.0,0.625,0.75,0.125,0.0,0.625,0.375
Average,0.5535714285714286,0.5,0.5892857142857143,0.5714285714285714,0.44642857142857145,0.5,0.4642857142857143,0.44642857142857145,0.42857142857142855
