task_title,Claude-Opus-4.8,Claude-Sonnet-4.6,DeepSeek-V3.1,GPT-4.1,GPT-5-Mini,GPT-O3-Mini,GPT-O4-Mini,GPT-OSS-120B,Gemini-3.1-Pro,plain
Counseling session (Anthropic Econ Index),6.5,6.5,5.0,8.0,4.0,3.0,10.0,2.0,9.0,1.0
Market trends analysis,9.0,6.0,3.0,5.0,10.0,7.0,1.0,2.0,4.0,8.0
Menu planning (GDPval-style),4.0,3.0,8.0,6.0,10.0,7.0,2.0,1.0,9.0,5.0
Operations research analyst memo,7.5,4.0,5.0,2.0,10.0,9.0,7.5,6.0,3.0,1.0
Tax preparation discrepancy spotting,5.0,9.0,7.0,10.0,1.0,8.0,3.5,6.0,3.5,2.0
Travel agent itinerary,6.0,4.0,2.0,7.0,5.0,8.0,9.0,10.0,3.0,1.0
Tutoring session planning,5.0,4.0,7.0,8.0,1.0,10.0,3.0,9.0,6.0,2.0
Average,6.142857142857143,5.214285714285714,5.285714285714286,6.571428571428571,5.857142857142857,7.428571428571429,5.142857142857143,5.142857142857143,5.357142857142857,2.857142857142857
