task_title,Claude-Opus-4.8,Claude-Sonnet-4.6,DeepSeek-V3.1,GPT-3.5-Turbo,GPT-4.1,GPT-5-Mini,GPT-O3-Mini,GPT-O4-Mini,GPT-OSS-120B,Gemini-3.1-Pro
Counseling session (Anthropic Econ Index),0.6527777777777778,0.6944444444444445,0.6904761904761904,0.0,0.2619047619047619,0.6607142857142857,0.1726190476190476,0.6547619047619048,0.75,0.4623015873015872
Market trends analysis,0.7638888888888888,0.5277777777777778,0.6468253968253969,0.0,0.3095238095238095,0.7321428571428571,0.1785714285714285,0.7440476190476191,0.4226190476190476,0.6746031746031745
Menu planning (GDPval-style),0.7222222222222222,0.611111111111111,0.4682539682539682,0.0,0.2678571428571428,0.6547619047619048,0.2142857142857142,0.7440476190476191,0.5952380952380952,0.7222222222222222
Operations research analyst memo,0.6805555555555555,0.4861111111111111,0.5634920634920635,0.0,0.4761904761904762,0.4761904761904762,0.1726190476190476,0.6845238095238096,0.7380952380952381,0.7222222222222222
Tax preparation discrepancy spotting,0.7638888888888888,0.6527777777777778,0.6329365079365079,0.0,0.3095238095238095,0.6190476190476191,0.3928571428571428,0.5595238095238095,0.5892857142857143,0.4801587301587302
Travel agent itinerary,0.6805555555555555,0.611111111111111,0.621031746031746,0.0,0.3511904761904762,0.7083333333333334,0.2559523809523809,0.7857142857142857,0.4702380952380952,0.5158730158730159
Tutoring session planning,0.7222222222222222,0.4861111111111111,0.6686507936507936,0.0,0.3511904761904762,0.5297619047619048,0.2976190476190476,0.6011904761904762,0.9166666666666666,0.4265873015873015
Average,0.7123015873015872,0.5813492063492064,0.613095238095238,0.0,0.3324829931972789,0.6258503401360545,0.2406462585034013,0.6819727891156463,0.6403061224489797,0.5719954648526077
