task_title,Claude-Opus-4.8,Claude-Sonnet-4.6,DeepSeek-V3.1,GPT-4.1,GPT-5-Mini,GPT-O3-Mini,GPT-O4-Mini,GPT-OSS-120B,Gemini-3.1-Pro,plain
Counseling session (Anthropic Econ Index),0.375,0.375,0.3928571428571428,0.3452380952380952,0.6904761904761904,0.7023809523809524,0.2916666666666667,0.7083333333333334,0.3392857142857142,0.7098214285714286
Market trends analysis,0.2083333333333333,0.5,0.6666666666666666,0.5119047619047619,0.1666666666666666,0.3511904761904762,0.9523809523809524,0.7321428571428571,0.6547619047619048,0.3169642857142857
Menu planning (GDPval-style),0.5416666666666666,0.5833333333333334,0.3988095238095238,0.4404761904761904,0.1666666666666666,0.4345238095238095,0.7797619047619048,0.8333333333333334,0.3392857142857142,0.4866071428571428
Operations research analyst memo,0.3333333333333333,0.5416666666666666,0.3928571428571428,0.7857142857142857,0.2976190476190476,0.3154761904761904,0.3333333333333333,0.3869047619047618,0.6964285714285715,0.8125
Tax preparation discrepancy spotting,0.5,0.25,0.4404761904761904,0.2142857142857142,0.7678571428571429,0.2916666666666667,0.6071428571428571,0.4880952380952381,0.6071428571428571,0.75
Travel agent itinerary,0.4583333333333333,0.5416666666666666,0.6547619047619048,0.4345238095238095,0.5119047619047619,0.3630952380952381,0.3392857142857142,0.3333333333333333,0.5714285714285715,0.71875
Tutoring session planning,0.5,0.5416666666666666,0.3511904761904762,0.2559523809523809,0.9583333333333334,0.2202380952380952,0.6547619047619048,0.25,0.4821428571428571,0.7142857142857143
Average,0.41666666666666663,0.47619047619047616,0.4710884353741496,0.42687074829931965,0.5085034013605442,0.38265306122448983,0.5654761904761905,0.5331632653061225,0.5272108843537415,0.6441326530612245
