task_title,Claude-Opus-4.8,Claude-Sonnet-4.6,DeepSeek-V3.1,GPT-3.5-Turbo,GPT-4.1,GPT-5-Mini,GPT-O3-Mini,GPT-O4-Mini,GPT-OSS-120B
Counseling session (Anthropic Econ Index),1.0,0.875,0.5,0.0,0.25,0.375,0.125,0.625,0.75
Market trends analysis,1.0,0.5,0.75,0.0,0.25,0.625,0.125,0.75,0.5
Menu planning (GDPval-style),0.875,0.875,0.5,0.0,0.25,0.5,0.125,0.75,0.625
Operations research analyst memo,0.875,0.625,0.5,0.0,0.5,0.125,0.25,0.75,0.875
Tax preparation discrepancy spotting,0.875,1.0,0.375,0.0,0.25,0.5,0.375,0.5,0.625
Travel agent itinerary,0.75,0.875,0.625,0.0,0.375,0.625,0.25,0.875,0.125
Tutoring session planning,0.875,0.875,0.625,0.0,0.25,0.375,0.125,0.625,0.75
Average,0.8928571428571429,0.8035714285714286,0.5535714285714286,0.0,0.30357142857142855,0.44642857142857145,0.19642857142857142,0.6964285714285714,0.6071428571428571
