task_title,DeepSeek-V3.1,GPT-4.1,GPT-5-Mini,GPT-O3-Mini,GPT-O4-Mini,GPT-OSS-120B,Gemini-3.1-Pro,plain
Counseling session (Anthropic Econ Index),0.4285714285714285,0.2857142857142857,0.5714285714285714,0.8571428571428571,0.0,1.0,0.1428571428571428,0.7142857142857143
Market trends analysis,1.0,0.2857142857142857,0.0,0.4285714285714285,0.8571428571428571,0.5714285714285714,0.7142857142857143,0.1428571428571428
Menu planning (GDPval-style),0.5714285714285714,0.5714285714285714,0.0,0.4285714285714285,0.7142857142857143,1.0,0.1428571428571428,0.5714285714285714
Operations research analyst memo,0.4285714285714285,0.8571428571428571,0.1428571428571428,0.5714285714285714,0.0,0.2857142857142857,0.7142857142857143,1.0
Tax preparation discrepancy spotting,0.5714285714285714,0.1428571428571428,0.4285714285714285,0.0,0.5714285714285714,0.7142857142857143,0.5714285714285714,1.0
Travel agent itinerary,0.7142857142857143,0.4285714285714285,0.2857142857142857,0.7142857142857143,0.1428571428571428,0.0,0.7142857142857143,1.0
Tutoring session planning,0.4285714285714285,0.1428571428571428,1.0,0.2857142857142857,0.7142857142857143,0.0,0.5714285714285714,0.8571428571428571
Average,0.5918367346938777,0.38775510204081626,0.3469387755102041,0.4693877551020408,0.42857142857142855,0.5102040816326531,0.5102040816326531,0.7551020408163265
