task_title,Claude-Opus-4.8,Claude-Sonnet-4.6,DeepSeek-V3.1,Gemini-3.1-Pro
Counseling session (Anthropic Econ Index),0.3333333333333333,0.3333333333333333,1.0,0.3333333333333333
Market trends analysis,0.6666666666666666,0.3333333333333333,0.3333333333333333,0.6666666666666666
Menu planning (GDPval-style),0.6666666666666666,0.3333333333333333,0.3333333333333333,0.6666666666666666
Operations research analyst memo,0.6666666666666666,0.3333333333333333,0.3333333333333333,0.6666666666666666
Tax preparation discrepancy spotting,0.6666666666666666,0.3333333333333333,0.6666666666666666,0.3333333333333333
Travel agent itinerary,0.6666666666666666,0.3333333333333333,0.6666666666666666,0.3333333333333333
Tutoring session planning,0.6666666666666666,0.3333333333333333,0.6666666666666666,0.3333333333333333
Average,0.619047619047619,0.3333333333333333,0.5714285714285714,0.4761904761904762
