task_title,DeepSeek-V3.1,GPT-3.5-Turbo,GPT-4.1,GPT-5-Mini,GPT-O3-Mini,GPT-O4-Mini,GPT-OSS-120B,Gemini-3.1-Pro
Counseling session (Anthropic Econ Index),0.5714285714285714,0.0,0.2857142857142857,0.8571428571428571,0.1428571428571428,0.7142857142857143,1.0,0.4285714285714285
Market trends analysis,0.8571428571428571,0.0,0.4285714285714285,0.5714285714285714,0.2857142857142857,0.8571428571428571,0.1428571428571428,0.8571428571428571
Menu planning (GDPval-style),0.5714285714285714,0.0,0.4285714285714285,0.7142857142857143,0.1428571428571428,0.8571428571428571,0.2857142857142857,1.0
Operations research analyst memo,0.8571428571428571,0.0,0.4285714285714285,0.4285714285714285,0.1428571428571428,0.4285714285714285,0.7142857142857143,1.0
Tax preparation discrepancy spotting,0.8571428571428571,0.0,0.4285714285714285,0.8571428571428571,0.4285714285714285,0.4285714285714285,0.1428571428571428,0.8571428571428571
Travel agent itinerary,0.5714285714285714,0.0,0.4285714285714285,1.0,0.1428571428571428,0.8571428571428571,0.2857142857142857,0.7142857142857143
Tutoring session planning,0.7142857142857143,0.0,0.4285714285714285,0.7142857142857143,0.1428571428571428,0.4285714285714285,1.0,0.5714285714285714
Average,0.7142857142857143,0.0,0.40816326530612235,0.7346938775510204,0.20408163265306117,0.6530612244897959,0.5102040816326531,0.7755102040816325
