task_title,Claude-Opus-4.8,Claude-Sonnet-4.6,DeepSeek-V3.1,GPT-4.1,GPT-5-Mini,GPT-O3-Mini,GPT-O4-Mini,GPT-OSS-120B,plain
Counseling session (Anthropic Econ Index),0.25,0.25,0.5,0.25,0.625,1.0,0.125,0.625,0.875
Market trends analysis,0.0,0.5,0.75,0.625,0.25,0.375,1.0,0.875,0.125
Menu planning (GDPval-style),0.75,0.75,0.375,0.25,0.0,0.5,0.875,0.875,0.125
Operations research analyst memo,0.125,0.875,0.5,0.75,0.375,0.0,0.5,0.5,0.875
Tax preparation discrepancy spotting,0.625,0.25,0.5,0.125,1.0,0.125,0.875,0.25,0.75
Travel agent itinerary,0.5,0.875,1.0,0.375,0.625,0.25,0.0,0.75,0.125
Tutoring session planning,0.625,0.75,0.375,0.125,1.0,0.125,0.5,0.25,0.75
Average,0.4107142857142857,0.6071428571428571,0.5714285714285714,0.35714285714285715,0.5535714285714286,0.3392857142857143,0.5535714285714286,0.5892857142857143,0.5178571428571429
