task_title,Claude-Opus-4.8,Claude-Sonnet-4.6,GPT-4.1,GPT-5-Mini,GPT-O3-Mini,GPT-O4-Mini,GPT-OSS-120B,Gemini-3.1-Pro,plain
Counseling session (Anthropic Econ Index),7.0,4.0,4.0,7.0,1.0,2.0,4.0,7.0,9.0
Market trends analysis,3.0,6.5,5.0,4.0,6.5,2.0,1.0,8.5,8.5
Menu planning (GDPval-style),4.666666666666667,17.166666666666668,11.0,5.666666666666667,19.166666666666668,12.0,8.833333333333334,24.833333333333332,22.666666666666668
Operations research analyst memo,5.0,2.5,5.0,2.5,7.5,5.0,1.0,7.5,9.0
Tax preparation discrepancy spotting,2.0,8.0,2.0,6.5,6.5,4.0,2.0,9.0,5.0
Travel agent itinerary,3.5,7.0,6.0,2.0,5.0,3.5,1.0,8.5,8.5
Tutoring session planning,1.0,7.5,5.5,5.5,3.5,2.0,3.5,7.5,9.0
Average,3.738095238095238,7.523809523809525,5.5,4.738095238095239,7.023809523809525,4.357142857142857,3.047619047619048,10.404761904761903,10.238095238095239
