task_title,DeepSeek-V3.1,GPT-3.5-Turbo,GPT-4.1,GPT-5-Mini,GPT-O3-Mini,GPT-O4-Mini,GPT-OSS-120B,Gemini-3.1-Pro
Counseling session (Anthropic Econ Index),4.0,8.0,6.0,1.0,7.0,3.0,2.0,5.0
Market trends analysis,1.0,8.0,5.0,4.0,6.0,3.0,7.0,2.0
Menu planning (GDPval-style),2.0,23.0,5.833333333333333,19.666666666666668,14.666666666666666,7.166666666666667,11.0,16.666666666666668
Operations research analyst memo,2.0,8.0,6.0,4.0,7.0,5.0,3.0,1.0
Tax preparation discrepancy spotting,2.0,6.0,2.0,2.0,5.0,8.0,4.0,7.0
Travel agent itinerary,1.0,7.0,2.0,8.0,3.0,6.0,5.0,4.0
Tutoring session planning,2.0,8.0,5.0,3.0,7.0,6.0,4.0,1.0
Average,2.0,9.714285714285714,4.5476190476190474,5.952380952380953,7.095238095238095,5.452380952380953,5.142857142857143,5.238095238095239
