task_title,Claude-Opus-4.8,Claude-Sonnet-4.6,GPT-3.5-Turbo,GPT-4.1,GPT-5-Mini,GPT-O3-Mini,GPT-O4-Mini,GPT-OSS-120B,Gemini-3.1-Pro
Counseling session (Anthropic Econ Index),7.5,1.0,9.0,7.5,2.0,5.0,5.0,5.0,3.0
Market trends analysis,2.5,2.5,9.0,8.0,6.0,7.0,4.5,1.0,4.5
Menu planning (GDPval-style),9.666666666666666,3.1666666666666665,26.0,13.833333333333334,20.5,18.666666666666668,7.666666666666667,5.666666666666667,20.833333333333332
Operations research analyst memo,3.0,6.5,9.0,6.5,4.0,6.5,2.0,1.0,6.5
Tax preparation discrepancy spotting,5.5,1.0,9.0,3.5,2.0,3.5,7.5,5.5,7.5
Travel agent itinerary,3.0,3.0,9.0,7.0,7.0,5.0,3.0,1.0,7.0
Tutoring session planning,8.0,1.0,9.0,7.0,4.0,5.5,2.5,5.5,2.5
Average,5.595238095238095,2.595238095238095,11.428571428571429,7.6190476190476195,6.5,7.30952380952381,4.595238095238096,3.523809523809524,7.404761904761904
