task_title,Claude-Opus-4.8,Claude-Sonnet-4.6,GPT-3.5-Turbo,GPT-4.1,GPT-5-Mini,GPT-O3-Mini,GPT-O4-Mini,GPT-OSS-120B,Gemini-3.1-Pro
Counseling session (Anthropic Econ Index),0.375,0.875,0.0,0.375,0.75,0.5,0.5,0.5,0.625
Market trends analysis,0.75,0.75,0.0,0.125,0.375,0.25,0.625,1.0,0.625
Menu planning (GDPval-style),0.6666666666666666,0.8205128205128206,0.0769230769230769,0.5512820512820512,0.282051282051282,0.3461538461538462,0.717948717948718,0.7435897435897436,0.2948717948717949
Operations research analyst memo,0.625,0.375,0.0,0.375,0.5,0.375,0.875,1.0,0.375
Tax preparation discrepancy spotting,0.5,0.875,0.125,0.625,0.75,0.625,0.25,0.5,0.25
Travel agent itinerary,0.625,0.625,0.0,0.375,0.375,0.5,0.625,1.0,0.375
Tutoring session planning,0.125,0.875,0.0,0.375,0.625,0.5,0.75,0.5,0.75
Average,0.5238095238095238,0.7422161172161174,0.028846153846153844,0.40018315018315015,0.5224358974358975,0.44230769230769235,0.6204212454212454,0.7490842490842491,0.4706959706959707
