task_title,Claude-Opus-4.8,Claude-Sonnet-4.6,DeepSeek-V3.1,Gemini-3.1-Pro,plain
Counseling session (Anthropic Econ Index),0.5,0.25,1.0,0.25,0.5
Market trends analysis,0.5,0.5,0.5,0.5,0.5
Menu planning (GDPval-style),0.4761904761904762,0.4761904761904762,0.5952380952380952,0.4047619047619047,0.5476190476190476
Operations research analyst memo,0.5,0.5,0.5,0.5,0.5
Tax preparation discrepancy spotting,0.75,0.25,0.5,0.25,0.75
Travel agent itinerary,0.5,0.5,0.5,0.5,0.5
Tutoring session planning,0.5,0.5,0.5,0.5,0.5
Average,0.532312925170068,0.4251700680272109,0.5850340136054422,0.4149659863945578,0.5425170068027211
