task_title,Claude-Opus-4.8,Claude-Sonnet-4.6,DeepSeek-V3.1,GPT-3.5-Turbo,GPT-4.1,GPT-5-Mini,GPT-O3-Mini,GPT-O4-Mini,GPT-OSS-120B,Gemini-3.1-Pro
Counseling session (Anthropic Econ Index),0.3541666666666666,0.6041666666666666,0.7857142857142857,0.0,0.3303571428571428,0.875,0.3214285714285714,0.6071428571428572,0.6785714285714286,0.4623015873015872
Market trends analysis,0.7083333333333333,0.5416666666666666,0.8333333333333333,0.0,0.2767857142857143,0.4732142857142857,0.2678571428571428,0.6696428571428572,0.5714285714285714,0.6051587301587301
Menu planning (GDPval-style),0.5909090909090908,0.7132867132867133,0.6982872200263505,0.060200668896321,0.6669453734671125,0.2424749163879598,0.3687290969899666,0.7357859531772575,0.6544035674470456,0.3459849329414546
Operations research analyst memo,0.6458333333333333,0.3541666666666666,0.7619047619047619,0.0,0.3303571428571428,0.5357142857142857,0.2589285714285714,0.6517857142857143,0.8571428571428572,0.5694444444444444
Tax preparation discrepancy spotting,0.4166666666666666,0.9375,0.5952380952380952,0.2053571428571428,0.7410714285714286,0.8035714285714286,0.5267857142857143,0.125,0.5357142857142857,0.242063492063492
Travel agent itinerary,0.6458333333333333,0.4791666666666666,0.8333333333333333,0.0714285714285714,0.6160714285714286,0.1875,0.6071428571428572,0.4553571428571428,0.7142857142857143,0.4265873015873015
Tutoring session planning,0.2291666666666666,0.9375,0.5952380952380952,0.0,0.4017857142857143,0.6696428571428572,0.3214285714285714,0.5178571428571428,0.5357142857142857,0.6944444444444445
Average,0.5129870129870129,0.6524933399933399,0.7290070178268936,0.04814091188314789,0.48048199212795495,0.5410168247901167,0.3817572179373422,0.537510238208996,0.6496086729005983,0.4779978475630649
