task_title,DeepSeek-V3.1,GPT-4.1,GPT-5-Mini,GPT-O3-Mini,GPT-O4-Mini,GPT-OSS-120B,Gemini-3.1-Pro,plain
Counseling session (Anthropic Econ Index),1.0,0.5714285714285714,0.1428571428571428,0.7142857142857143,0.8571428571428571,0.4285714285714285,0.2857142857142857,0.0
Market trends analysis,0.8571428571428571,0.8571428571428571,0.5714285714285714,0.1428571428571428,0.4285714285714285,0.8571428571428571,0.2857142857142857,0.0
Menu planning (GDPval-style),0.753623188405797,0.6086956521739131,0.9565217391304348,0.2753623188405797,0.608695652173913,0.5072463768115942,0.1014492753623188,0.1884057971014492
Operations research analyst memo,0.7142857142857143,1.0,0.5714285714285714,0.1428571428571428,0.2857142857142857,0.4285714285714285,0.8571428571428571,0.0
Tax preparation discrepancy spotting,0.4285714285714285,0.7142857142857143,0.7142857142857143,0.5714285714285714,0.8571428571428571,0.2857142857142857,0.0,0.4285714285714285
Travel agent itinerary,0.7142857142857143,0.7142857142857143,1.0,0.0,0.2857142857142857,0.7142857142857143,0.2857142857142857,0.2857142857142857
Tutoring session planning,0.7142857142857143,0.8571428571428571,0.1428571428571428,0.5714285714285714,1.0,0.0,0.4285714285714285,0.2857142857142857
Average,0.7403135167110323,0.7604259094942324,0.5856255545696539,0.3454599230996746,0.6175687666370896,0.46021887015675833,0.32061520260278015,0.16977225672877846
