task_title,Claude-Opus-4.8,Claude-Sonnet-4.6,GPT-4.1,GPT-5-Mini,GPT-O3-Mini,GPT-O4-Mini,GPT-OSS-120B,Gemini-3.1-Pro,plain
Counseling session (Anthropic Econ Index),0.375,0.5,0.5,0.375,1.0,0.875,0.5,0.375,0.0
Market trends analysis,0.75,0.25,0.5,0.625,0.25,0.875,1.0,0.125,0.125
Menu planning (GDPval-style),0.7435897435897436,0.4230769230769231,0.564102564102564,0.717948717948718,0.3846153846153846,0.5512820512820513,0.6282051282051282,0.2051282051282051,0.2820512820512821
Operations research analyst memo,0.5,0.625,0.5,0.625,0.375,0.5,1.0,0.375,0.0
Tax preparation discrepancy spotting,0.75,0.25,0.75,0.375,0.375,0.625,0.75,0.125,0.5
Travel agent itinerary,0.625,0.25,0.375,0.875,0.5,0.625,1.0,0.125,0.125
Tutoring session planning,0.875,0.25,0.5,0.5,0.625,0.75,0.625,0.25,0.125
Average,0.6597985347985348,0.36401098901098905,0.527014652014652,0.5847069597069597,0.5013736263736264,0.6858974358974359,0.7861721611721612,0.22573260073260074,0.16529304029304032
