task_title,Claude-Opus-4.8,Claude-Sonnet-4.6,DeepSeek-V3.1,GPT-4.1,GPT-5-Mini,GPT-O3-Mini,GPT-O4-Mini,GPT-OSS-120B,Gemini-3.1-Pro,plain
Counseling session (Anthropic Econ Index),0.4375,0.375,1.0,0.5357142857142857,0.2589285714285714,0.8571428571428572,0.8660714285714286,0.4642857142857143,0.3035714285714285,0.1666666666666666
Market trends analysis,0.625,0.375,0.6785714285714286,0.6785714285714286,0.5982142857142857,0.1964285714285714,0.6517857142857143,0.9285714285714286,0.3035714285714285,0.2083333333333333
Menu planning (GDPval-style),0.6098901098901099,0.4496336996336996,0.6744306418219461,0.5863991081382385,0.8372352285395763,0.3299888517279821,0.5799888517279821,0.5677257525083612,0.2371131284174762,0.3393587089239263
Operations research analyst memo,0.5,0.5625,0.6071428571428572,0.75,0.5982142857142857,0.2589285714285714,0.3928571428571428,0.7142857142857143,0.5773809523809524,0.1666666666666666
Tax preparation discrepancy spotting,0.75,0.25,0.4642857142857143,0.7321428571428572,0.5446428571428572,0.4732142857142857,0.7410714285714286,0.5178571428571428,0.125,0.5595238095238095
Travel agent itinerary,0.5625,0.375,0.6071428571428572,0.5446428571428572,0.9375,0.25,0.4553571428571428,0.8571428571428572,0.3035714285714285,0.3035714285714285
Tutoring session planning,0.6875,0.375,0.6071428571428572,0.6785714285714286,0.3214285714285714,0.5982142857142857,0.875,0.3125,0.3928571428571428,0.3035714285714285
Average,0.5960557299843013,0.3945905285191,0.6626737651582373,0.6437202807544422,0.5851662571383068,0.42341677473665046,0.6517331012672626,0.6231955156644597,0.3204379299099796,0.29252743460817987
