task_title,DeepSeek-V3.1,GPT-3.5-Turbo,GPT-4.1,GPT-5-Mini,GPT-O3-Mini,GPT-O4-Mini,GPT-OSS-120B,Gemini-3.1-Pro
Counseling session (Anthropic Econ Index),0.5714285714285714,0.0,0.2857142857142857,1.0,0.1428571428571428,0.7142857142857143,0.8571428571428571,0.4285714285714285
Market trends analysis,1.0,0.0,0.4285714285714285,0.5714285714285714,0.2857142857142857,0.7142857142857143,0.1428571428571428,0.8571428571428571
Menu planning (GDPval-style),0.9420289855072465,0.0434782608695652,0.7826086956521738,0.2028985507246377,0.3913043478260869,0.753623188405797,0.5652173913043478,0.3188405797101449
Operations research analyst memo,0.8571428571428571,0.0,0.2857142857142857,0.5714285714285714,0.1428571428571428,0.4285714285714285,0.7142857142857143,1.0
Tax preparation discrepancy spotting,0.8571428571428571,0.2857142857142857,0.8571428571428571,0.8571428571428571,0.4285714285714285,0.0,0.5714285714285714,0.1428571428571428
Travel agent itinerary,1.0,0.1428571428571428,0.8571428571428571,0.0,0.7142857142857143,0.2857142857142857,0.4285714285714285,0.5714285714285714
Tutoring session planning,0.8571428571428571,0.0,0.4285714285714285,0.7142857142857143,0.1428571428571428,0.2857142857142857,0.5714285714285714,1.0
Average,0.8692694469091984,0.06743566992014195,0.5607808340727595,0.559597752144336,0.32120674356699197,0.4545992309967465,0.5501330967169477,0.6169772256728778
