task_title,Claude-Opus-4.8,Claude-Sonnet-4.6,DeepSeek-V3.1,Gemini-3.1-Pro
Counseling session (Anthropic Econ Index),0.3333333333333333,0.3333333333333333,1.0,0.3333333333333333
Market trends analysis,0.6666666666666666,0.3333333333333333,0.6666666666666666,0.3333333333333333
Menu planning (GDPval-style),0.5151515151515151,0.6060606060606061,0.4545454545454545,0.4242424242424242
Operations research analyst memo,0.6666666666666666,0.3333333333333333,0.6666666666666666,0.3333333333333333
Tax preparation discrepancy spotting,0.3333333333333333,1.0,0.3333333333333333,0.3333333333333333
Travel agent itinerary,0.6666666666666666,0.3333333333333333,0.6666666666666666,0.3333333333333333
Tutoring session planning,0.3333333333333333,1.0,0.3333333333333333,0.3333333333333333
Average,0.5021645021645021,0.5627705627705628,0.5887445887445887,0.3463203463203463
